anio,trimestre,fecha,i_Gs,i_USD,i_Gs_fdt,i_USD_fdt,meses_cobertura,ultimo_mes_publicado,TC,dolariz,IPC_PY,infl_PY_yoy,IPC_US,infl_US_yoy,FEDFUNDS,i_Gs_vista,i_USD_vista,i_Gs_pond,i_USD_pond,i_Gs_fdt_pond,i_USD_fdt_pond
2004,1,2004Q1,8.91,0.7633,8.45,0.57,3,3,5974.64,60.3981,48.3318,2.9886,187.1,1.7401,1.0033,2.5067,0.1867,12.13,1.12,11.15,1.0
2004,2,2004Q2,6.0333,0.66,5.21,0.83,3,6,5922.27,60.068,48.7856,5.5324,188.9,3.1677,1.01,1.64,0.1567,10.1233,1.2967,9.62,1.3
2004,3,2004Q3,4.2533,0.8467,3.46,0.89,3,9,5919.33,58.6402,48.9368,6.6527,189.8,2.5392,1.4333,0.86,0.1433,8.28,1.1433,7.1,1.14
2004,4,2004Q4,3.9133,0.8133,4.99,1.29,3,12,6185.23,54.2468,49.2393,2.8137,191.7,3.3423,1.95,0.31,0.0933,6.9,1.3767,8.29,1.64
2005,1,2005Q1,3.5367,0.5233,4.02,0.56,3,3,6262.25,54.3351,50.4494,4.3812,193.1,3.2068,2.47,0.25,0.0833,7.4233,1.37,8.24,1.7
2005,2,2005Q2,4.45,1.0233,4.47,1.79,3,6,6129.32,54.2381,51.7556,6.0879,193.7,2.541,2.9433,0.1567,0.1033,9.03,1.6767,8.92,1.73
2005,3,2005Q3,3.79,1.515,3.37,2.04,2,9,6110.24,53.3236,52.6356,7.5583,198.8,4.7418,3.46,0.22,0.17,8.5867,2.13,7.52,2.19
2005,4,2005Q4,5.4633,2.2667,6.18,3.09,3,12,6109.52,50.5798,54.0932,9.8576,198.1,3.3385,3.98,0.17,0.1,8.93,2.8567,9.01,2.8
2006,1,2006Q1,5.42,2.43,5.61,1.85,2,2,5884.09,51.2312,56.2794,11.5563,199.7,3.4179,4.4567,0.1567,0.0933,9.3833,2.65,9.46,3.43
2006,2,2006Q2,6.39,2.36,5.84,2.69,3,6,5615.24,52.2339,56.1007,8.3953,201.8,4.1817,4.9067,0.1533,0.1033,12.25,3.47,12.21,3.02
2006,3,2006Q3,6.7467,3.2167,6.87,3.49,3,9,5398.25,50.8597,57.0219,8.3333,202.8,2.0121,5.2467,0.1967,0.11,10.1967,3.1833,8.76,3.56
2006,4,2006Q4,6.12,4.28,6.12,4.28,1,10,5313.16,47.0301,60.8445,12.4809,203.1,2.524,5.2467,0.2367,0.1367,,,,
2007,1,2007Q1,7.23,2.705,6.81,2.41,2,3,5090.95,45.2649,59.4557,5.6438,205.288,2.7982,5.2567,0.33,0.1667,10.7567,4.06,9.49,4.27
2007,2,2007Q2,5.035,2.97,4.93,3.31,2,6,5069.5,44.867,59.937,6.8382,207.234,2.6928,5.25,0.37,0.16,7.1333,3.53,6.64,3.52
2007,3,2007Q3,5.235,4.35,5.57,4.75,2,9,5012.5,44.1159,62.7833,10.1037,208.547,2.8338,5.0733,0.35,0.1367,7.17,4.2033,7.39,4.9
2007,4,2007Q4,5.26,3.4033,6.15,3.66,3,12,4716.5,40.5433,64.4745,5.9661,211.445,4.1088,4.4967,0.36,0.1467,8.3733,4.32,7.93,4.32
2008,1,2008Q1,5.82,3.1833,6.12,2.69,3,3,4524.74,42.8757,66.7956,12.3451,213.448,3.9749,3.1767,0.3767,0.1767,8.9467,4.4033,9.13,4.51
2008,2,2008Q2,5.79,3.47,5.18,3.76,3,6,3969.0,37.7745,67.9562,13.3794,217.463,4.936,2.0867,0.5133,0.1467,7.7267,3.8267,7.66,3.72
2008,3,2008Q3,5.8967,3.9367,6.1,4.24,3,9,3986.67,38.1575,68.472,9.0608,218.877,4.9533,1.94,0.5333,0.1333,7.8267,4.5067,7.66,4.92
2008,4,2008Q4,7.5733,5.0167,7.88,5.17,3,12,4874.29,43.3777,69.3101,7.5,211.398,-0.0222,0.5067,0.7967,0.1667,10.24,5.49,11.19,5.83
2009,1,2009Q1,7.8433,4.7467,7.37,4.8,3,3,5124.55,45.7167,69.0522,3.3784,212.495,-0.4465,0.1833,0.9067,0.1833,10.95,5.3433,10.57,5.36
2009,2,2009Q2,7.4333,4.9467,6.99,4.49,3,6,5016.19,45.6488,69.2456,1.8975,214.79,-1.2292,0.18,0.8667,0.2267,10.2633,4.8367,10.21,4.66
2009,3,2009Q3,4.7767,3.7767,5.21,3.38,3,9,4923.81,44.2473,70.0193,2.2599,215.861,-1.3779,0.1567,0.8033,0.2433,7.59,4.7233,7.67,5.26
2009,4,2009Q4,6.4667,4.1933,5.7,4.88,3,12,4649.05,38.809,70.5996,1.8605,217.347,2.8141,0.12,0.6433,0.2167,8.03,4.49,7.94,4.53
2010,1,2010Q1,4.6367,3.36,4.77,2.96,3,3,4693.91,41.2734,71.8891,4.1083,217.353,2.2862,0.1333,0.6667,0.2067,8.0267,4.94,8.77,5.14
2010,2,2010Q2,4.4933,3.5767,4.74,3.58,3,6,4752.09,42.1205,72.2115,4.2831,217.199,1.1216,0.1933,0.6467,0.1967,7.8667,4.5567,7.89,4.81
2010,3,2010Q3,4.91,3.6633,6.61,4.05,3,9,4783.48,43.6133,72.6628,3.7753,218.275,1.1183,0.1867,0.6433,0.22,7.6833,4.47,7.68,4.44
2010,4,2010Q4,6.7933,4.2,6.91,3.83,3,12,4570.23,42.5372,75.6931,7.2146,220.472,1.4378,0.1867,0.52,0.1733,8.1,4.5933,8.79,4.65
2011,1,2011Q1,6.8767,3.5033,7.59,3.81,3,3,4323.09,43.1599,79.3037,10.3139,223.046,2.6192,0.1567,0.5713,0.1592,11.0974,5.4324,11.546199632665166,5.566336593625789
2011,2,2011Q2,9.4533,3.86,8.99,3.99,3,6,3994.95,42.5006,78.5945,8.8393,224.806,3.5023,0.0933,0.5952,0.2124,12.6987,5.5301,13.07763184854788,5.508945295174336
2011,3,2011Q3,9.17,4.0367,7.74,4.23,3,9,3996.57,42.871,79.4971,9.4055,226.597,3.8126,0.0833,0.6874,0.1866,12.3385,5.4945,12.10308910747907,5.652552471699954
2011,4,2011Q4,9.4833,4.02,8.78,4.43,3,12,4431.67,41.1586,79.4326,4.9404,227.223,3.0621,0.0733,0.696,0.1835,12.5848,5.8369,12.84484269867776,6.25070792602946
2012,1,2012Q1,8.0467,5.3167,7.49,5.94,3,3,4284.05,42.8055,81.8827,3.252,228.807,2.5829,0.1033,0.704,0.1893,11.9661,6.4187,11.807831288839912,6.448445830522097
2012,2,2012Q2,7.9467,4.6933,7.87,4.12,3,6,4529.9,44.0332,81.6892,3.9377,228.524,1.6539,0.1533,0.6661,0.1556,12.3971,6.2089,12.628592840574708,6.11525370967986
2012,3,2012Q3,9.9833,5.3867,10.62,5.65,3,9,4424.59,42.9776,81.6892,2.7575,231.015,1.9497,0.1433,0.6963,0.1567,12.7871,6.7102,12.64414880980524,6.463104479776916
2012,4,2012Q4,8.57,4.74,8.21,4.7,3,12,4288.77,41.1119,82.5919,3.9773,231.221,1.7595,0.16,0.7805,0.1818,12.501,6.6807,12.11359416288987,6.272898178845449
2013,1,2013Q1,9.7133,4.5767,9.71,3.04,3,3,4002.13,40.6683,82.8498,1.1811,232.282,1.5187,0.1433,0.7914,0.2076,12.4107,6.0675,12.20858358787452,5.795416897680542
2013,2,2013Q2,7.53,4.43,7.53,4.43,1,6,4403.79,43.9526,83.1077,1.7364,232.445,1.7158,0.1167,0.807,0.2198,11.2894,6.1299,11.200278707435524,6.520682623641008
2013,3,2013Q3,7.5233,4.4267,7.31,4.07,3,9,4446.42,45.5208,84.3327,3.236,233.544,1.0947,0.0833,0.7828,0.2326,11.0975,6.0934,10.911271021835216,6.023584066422214
2013,4,2013Q4,6.6667,3.4367,6.58,2.26,3,12,4520.3,43.2198,85.6867,3.7471,234.719,1.5128,0.0867,0.7846,0.2266,11.2284,5.8058,11.486837290237842,5.448521801050124
2014,1,2014Q1,8.27,3.6933,7.65,2.02,3,3,4423.78,46.4858,87.8788,6.07,236.028,1.6127,0.0733,0.8045,0.2674,10.7722,5.8415,11.106043230611554,5.368390426369868
2014,2,2014Q2,7.915,3.53,7.65,2.29,2,6,4404.77,47.342,88.3946,6.3615,237.231,2.059,0.0933,0.8579,0.253,10.4208,5.2909,10.104958555434749,4.640530963238413
2014,3,2014Q3,6.53,2.67,5.94,1.66,3,9,4334.38,47.2081,87.8143,4.1284,237.477,1.6841,0.09,0.8229,0.1845,8.8732,4.8223,8.212642028949826,4.859631819080824
2014,4,2014Q4,6.7033,3.2667,6.15,3.22,3,12,4629.9,46.7814,89.2972,4.2137,236.252,0.6531,0.1,0.7661,0.1821,8.8847,4.5979,8.962478049338667,4.614877409456064
2015,1,2015Q1,6.5,2.97,6.78,2.05,3,3,4765.01,47.4431,90.1999,2.6412,235.976,-0.022,0.11,0.7051,0.1889,9.0331,4.8511,9.084240081637311,4.610716448814236
2015,2,2015Q2,5.59,2.88,5.53,3.03,3,6,5136.56,48.6433,90.5867,2.4799,237.657,0.1796,0.1233,0.7634,0.197,8.6358,4.8252,8.696774997212046,4.882545293150212
2015,3,2015Q3,6.1833,3.1333,6.01,2.56,3,9,5506.6,52.6689,91.1025,3.7445,237.498,0.0088,0.1367,0.8298,0.201,8.61,4.7507,8.849153882179653,4.848184356215346
2015,4,2015Q4,6.6467,2.95,6.67,2.26,3,12,5802.48,52.4199,92.0696,3.1047,237.761,0.6387,0.16,0.9821,0.2174,9.1935,4.9289,9.633124292016934,4.941930697638047
2016,1,2016Q1,7.0733,3.2467,7.42,2.86,3,3,5694.64,52.6804,94.4552,4.7177,238.08,0.8916,0.36,1.0764,0.2646,10.0927,4.8733,10.094051166533474,4.469377070141155
2016,2,2016Q2,7.1033,3.2867,6.58,3.39,3,6,5639.02,52.6924,94.842,4.6975,240.222,1.0793,0.3733,1.0395,0.2744,10.1579,4.9697,9.946781301930807,4.842913323347396
2016,3,2016Q3,6.3467,2.39,5.78,1.74,3,9,5558.01,51.7094,94.3262,3.5386,241.176,1.5486,0.3967,1.0357,0.1998,9.4177,4.2949,9.339115126765638,4.066768101256977
2016,4,2016Q4,5.9667,2.67,5.77,3.15,3,12,5785.89,50.7646,95.6802,3.9216,242.637,2.0508,0.45,1.0856,0.1782,8.9999,4.1813,8.578061296569842,3.971318781271818
2017,1,2017Q1,6.5633,2.1733,6.06,2.37,3,3,5528.54,50.9061,97.0986,2.7986,243.892,2.4412,0.7,1.0645,0.1766,8.9228,4.211,8.914432628221546,4.222587341471799
2017,2,2017Q2,5.6433,2.6,6.42,2.57,3,6,5572.09,49.7227,97.6144,2.9232,244.163,1.6406,0.95,0.9821,0.1629,8.4085,4.1736,8.239867771366205,4.239245759439672
2017,3,2017Q3,5.7233,1.8067,5.39,2.02,3,9,5658.92,49.8568,98.2592,4.1695,246.435,2.1806,1.1533,0.9467,0.1537,7.7719,4.3216,7.553528648590905,5.217310591712196
2017,4,2017Q4,4.9967,2.5233,5.08,3.07,3,12,5630.76,47.1063,100.0,4.5148,247.805,2.1299,1.2033,0.9566,0.2068,7.614,4.0555,7.820917034812402,4.076627066356401
2018,1,2018Q1,5.7,2.4333,5.24,1.75,3,3,5531.79,48.2834,101.1,4.1209,249.577,2.3309,1.4467,0.9672,0.1528,7.8514,4.1234,7.856792529860531,4.117279155136794
2018,2,2018Q2,5.1967,2.6,5.4,3.03,3,6,5685.0,48.595,101.9,4.3903,251.018,2.8076,1.7367,1.034,0.1822,7.6589,4.2142,7.647272082668506,4.460793481507349
2018,3,2018Q3,5.4,2.5733,5.36,1.77,3,9,5855.14,48.6477,102.2,4.0106,252.182,2.3321,1.9233,1.0321,0.1419,7.6704,4.4221,7.673621111923949,4.623862376924779
2018,4,2018Q4,5.1767,2.5233,6.02,2.72,3,12,5927.68,47.1839,103.2,3.2,252.767,2.0024,2.22,0.9886,0.2031,8.3674,4.5814,8.579486634922002,4.435711214841189
2019,1,2019Q1,6.35,2.0367,5.99,1.3,3,3,6129.53,48.4418,103.9,2.7695,254.277,1.8832,2.4033,1.1875,0.2888,8.6203,4.8703,9.253587727311768,4.806775660524765
2019,2,2019Q2,6.23,2.1233,5.95,2.76,3,6,6233.72,49.7205,104.8,2.8459,255.213,1.6712,2.3967,1.2344,0.2261,8.4341,4.8017,8.51701327477242,4.979518810423087
2019,3,2019Q3,6.73,2.0567,6.74,1.78,3,9,6338.8,50.1372,104.9,2.6419,256.43,1.6845,2.19,1.0079,0.2537,8.0738,4.6033,7.978867168500136,4.343501025377131
2019,4,2019Q4,5.6067,2.3933,4.48,1.91,3,12,6449.61,48.65,106.1,2.8101,258.63,2.3195,1.6433,1.0202,0.3453,7.7754,4.3394,7.683802820557454,3.961594914104609
2020,1,2020Q1,4.5933,2.0,4.34,1.25,3,3,6576.66,50.6304,106.5,2.5024,258.076,1.494,1.26,0.9692,0.4148,7.176,4.3788,7.150903876437169,4.328540435416027
2020,2,2020Q2,4.7967,2.4367,4.54,2.64,3,6,6708.49,49.5639,105.3,0.4771,257.042,0.7167,0.06,0.933,0.3582,7.2552,4.4558,7.384832463418802,4.42934132209414
2020,3,2020Q3,3.3933,1.8833,3.02,2.11,3,9,6984.94,51.3587,106.6,1.6206,259.997,1.391,0.0933,0.7899,0.351,6.3838,4.233,6.113646727136747,4.106839632897654
2020,4,2020Q4,3.2767,1.94,3.09,1.19,3,12,6943.98,49.5872,108.4,2.1678,262.045,1.3204,0.09,0.688,0.3828,5.8214,3.5551,5.9160430530765575,3.507745980208677
2021,1,2021Q1,3.6133,1.6033,3.74,0.87,3,3,6539.75,49.2113,109.1,2.4413,264.961,2.6678,0.08,0.5613,0.2001,5.978,3.4374,5.907654575023772,3.607573968980178
2021,2,2021Q2,3.3433,1.9,3.09,1.0,3,6,6744.51,51.3604,110.0,4.4634,270.654,5.2956,0.07,0.4889,0.1324,5.3335,3.0786,5.406198929911612,2.6753935454081126
2021,3,2021Q3,2.4267,0.6667,2.89,0.67,3,9,6898.76,51.5754,113.4,6.379,273.91,5.3512,0.09,0.4614,0.1604,5.1842,2.6701,5.409350871896331,2.6412071067486904
2021,4,2021Q4,3.5233,1.7333,4.01,0.94,3,12,6815.54,49.8721,115.8,6.8266,280.845,7.1743,0.08,0.4884,0.1642,6.0682,2.8464,6.564544023591583,2.9224605892193445
2022,1,2022Q1,5.0233,1.8733,5.1,1.78,3,3,6962.94,51.7691,120.1,10.0825,287.674,8.5722,0.12,0.3831,0.1363,7.0854,2.9842,7.57625923130229,3.0496380388603663
2022,2,2022Q2,6.6533,2.0833,7.35,2.66,3,6,6858.11,51.159,122.7,11.5455,294.957,8.9794,0.77,0.4551,0.1614,8.4556,3.5832,8.92760461197545,3.8558270693469088
2022,3,2022Q3,7.5567,2.85,7.47,2.69,3,9,6974.24,51.4331,124.0,9.3474,296.349,8.1921,2.19,0.5543,0.2467,8.7394,4.3616,8.749165369046619,4.282868183621811
2022,4,2022Q4,7.8067,3.59,8.13,3.84,3,12,7238.66,49.9086,125.2,8.1174,298.832,6.4046,3.6533,0.6076,0.2712,9.5733,5.2372,10.141660650402384,5.711872708875573
2023,1,2023Q1,7.6,4.44,7.49,4.32,3,3,7184.71,51.7037,127.8,6.4113,301.821,4.9177,4.5167,0.5686,0.3607,9.2219,5.5474,9.063117054280948,5.630902683036125
2023,2,2023Q2,7.56,4.26,7.49,4.01,3,6,7251.66,51.6152,127.9,4.238,304.014,3.0706,4.99,0.7027,0.3989,9.0535,5.5739,8.891714148509356,5.387398502348518
2023,3,2023Q3,7.3033,4.4167,7.0,4.13,3,9,7276.05,51.3121,128.3,3.4677,307.276,3.6872,5.26,0.7748,0.4566,8.7408,5.5516,8.358564244865994,5.658742174676749
2023,4,2023Q4,6.9733,4.84,6.84,4.92,3,12,7335.21,49.9042,129.8,3.6741,308.741,3.3159,5.33,0.9404,0.5577,8.0908,5.7444,8.3270262374529,5.933744703924318
2024,1,2024Q1,6.5433,4.8867,7.18,5.11,3,3,7317.59,49.9792,132.4,3.5994,312.345,3.4868,5.33,0.8728,0.6072,7.9752,5.8728,7.739509218203932,5.898676837744674
2024,2,2024Q2,6.4433,5.04,6.43,4.76,3,6,7529.65,51.1137,133.4,4.3002,313.044,2.9703,5.33,0.8704,0.529,7.5349,5.8601,7.453206383301125,5.839100333380423
2024,3,2024Q3,6.2967,4.87,6.4,5.47,3,9,7764.57,51.2565,133.5,4.053,314.732,2.4265,5.2633,0.8915,0.6839,7.5309,5.8521,7.42,5.9
2024,4,2024Q4,7.0067,4.5967,7.06,4.58,3,12,7810.24,49.6047,134.7,3.775,317.604,2.8707,4.65,0.9767,0.8167,7.99,5.6533,8.83,5.74
